tensorflow,https://github.com/tensorflow/tensorflow/issues/62697,2023-12-26T17:36:13Z,No version
tensorflow,https://github.com/tensorflow/tensorflow/issues/62696,2023-12-26T12:06:24Z,No version
tensorflow,https://github.com/tensorflow/tensorflow/issues/62695,2023-12-26T11:53:29Z,No version
tensorflow,https://github.com/tensorflow/tensorflow/pull/62694,2023-12-26T09:07:08Z,No version
tensorflow,https://github.com/tensorflow/tensorflow/issues/62693,2023-12-26T07:54:02Z,No version
tensorflow,https://github.com/tensorflow/tensorflow/issues/62692,2023-12-26T02:20:55Z,No version
tensorflow,https://github.com/tensorflow/tensorflow/issues/62691,2023-12-25T10:34:25Z,No version
tensorflow,https://github.com/tensorflow/tensorflow/issues/62690,2023-12-24T20:50:52Z,No version
tensorflow,https://github.com/tensorflow/tensorflow/issues/62689,2023-12-24T07:39:04Z,No version
tensorflow,https://github.com/tensorflow/tensorflow/issues/62688,2023-12-24T07:05:17Z,No version
tensorflow,https://github.com/tensorflow/tensorflow/issues/62687,2023-12-24T05:14:53Z,No version
tensorflow,https://github.com/tensorflow/tensorflow/issues/62686,2023-12-23T22:00:44Z,No version
tensorflow,https://github.com/tensorflow/tensorflow/issues/62685,2023-12-23T10:34:36Z,No version
tensorflow,https://github.com/tensorflow/tensorflow/pull/62684,2023-12-23T06:20:11Z,No version
tensorflow,https://github.com/tensorflow/tensorflow/issues/62683,2023-12-22T13:50:35Z,No version
tensorflow,https://github.com/tensorflow/tensorflow/pull/62682,2023-12-22T12:22:20Z,No version
tensorflow,https://github.com/tensorflow/tensorflow/issues/62681,2023-12-22T09:58:37Z,No version
tensorflow,https://github.com/tensorflow/tensorflow/issues/62680,2023-12-22T08:17:45Z,No version
tensorflow,https://github.com/tensorflow/tensorflow/issues/62679,2023-12-22T03:47:15Z,No version
tensorflow,https://github.com/tensorflow/tensorflow/issues/62678,2023-12-21T22:02:00Z,No version
tensorflow,https://github.com/tensorflow/tensorflow/issues/62677,2023-12-21T21:37:18Z,No version
tensorflow,https://github.com/tensorflow/tensorflow/pull/62676,2023-12-21T19:40:01Z,No version
tensorflow,https://github.com/tensorflow/tensorflow/issues/62697,2023-12-26T17:36:13Z,No version
tensorflow,https://github.com/tensorflow/tensorflow/issues/62696,2023-12-26T12:06:24Z,No version
tensorflow,https://github.com/tensorflow/tensorflow/issues/62695,2023-12-26T11:53:29Z,No version
tensorflow,https://github.com/tensorflow/tensorflow/pull/62694,2023-12-26T09:07:08Z,No version
tensorflow,https://github.com/tensorflow/tensorflow/issues/62693,2023-12-26T07:54:02Z,No version
tensorflow,https://github.com/tensorflow/tensorflow/issues/62692,2023-12-26T02:20:55Z,No version
tensorflow,https://github.com/tensorflow/tensorflow/issues/62691,2023-12-25T10:34:25Z,No version
tensorflow,https://github.com/tensorflow/tensorflow/issues/62690,2023-12-24T20:50:52Z,No version
tensorflow,https://github.com/tensorflow/tensorflow/issues/62689,2023-12-24T07:39:04Z,No version
tensorflow,https://github.com/tensorflow/tensorflow/issues/62688,2023-12-24T07:05:17Z,No version
tensorflow,https://github.com/tensorflow/tensorflow/issues/62687,2023-12-24T05:14:53Z,No version
tensorflow,https://github.com/tensorflow/tensorflow/issues/62697,2023-12-26T17:36:13Z,No version
tensorflow,https://github.com/tensorflow/tensorflow/issues/62696,2023-12-26T12:06:24Z,No version
tensorflow,https://github.com/tensorflow/tensorflow/issues/62695,2023-12-26T11:53:29Z,No version
tensorflow,https://github.com/tensorflow/tensorflow/issues/62697,2023-12-26T17:36:13Z,No version
tensorflow,https://github.com/tensorflow/tensorflow/issues/62696,2023-12-26T12:06:24Z,No version
tensorflow,https://github.com/tensorflow/tensorflow/issues/62695,2023-12-26T11:53:29Z,No version
tensorflow,https://github.com/tensorflow/tensorflow/pull/62694,2023-12-26T09:07:08Z,No version
tensorflow,https://github.com/tensorflow/tensorflow/issues/62693,2023-12-26T07:54:02Z,No version
tensorflow,https://github.com/tensorflow/tensorflow/issues/62692,2023-12-26T02:20:55Z,No version
tensorflow,https://github.com/tensorflow/tensorflow/issues/62691,2023-12-25T10:34:25Z,No version
tensorflow,https://github.com/tensorflow/tensorflow/issues/62690,2023-12-24T20:50:52Z,No version
tensorflow,https://github.com/tensorflow/tensorflow/issues/62689,2023-12-24T07:39:04Z,No version
tensorflow,https://github.com/tensorflow/tensorflow/issues/62688,2023-12-24T07:05:17Z,No version
tensorflow,https://github.com/tensorflow/tensorflow/issues/62687,2023-12-24T05:14:53Z,No version
tensorflow,https://github.com/tensorflow/tensorflow/issues/62686,2023-12-23T22:00:44Z,No version
tensorflow,https://github.com/tensorflow/tensorflow/issues/62685,2023-12-23T10:34:36Z,No version
tensorflow,https://github.com/tensorflow/tensorflow/pull/62684,2023-12-23T06:20:11Z,No version
tensorflow,https://github.com/tensorflow/tensorflow/issues/62683,2023-12-22T13:50:35Z,No version
tensorflow,https://github.com/tensorflow/tensorflow/pull/62682,2023-12-22T12:22:20Z,No version
tensorflow,https://github.com/tensorflow/tensorflow/issues/62681,2023-12-22T09:58:37Z,No version
tensorflow,https://github.com/tensorflow/tensorflow/issues/62680,2023-12-22T08:17:45Z,No version
tensorflow,https://github.com/tensorflow/tensorflow/issues/62679,2023-12-22T03:47:15Z,No version
tensorflow,https://github.com/tensorflow/tensorflow/issues/62697,2023-12-26T17:36:13Z,No version
tensorflow,https://github.com/tensorflow/tensorflow/issues/62696,2023-12-26T12:06:24Z,No version
tensorflow,https://github.com/tensorflow/tensorflow/issues/62695,2023-12-26T11:53:29Z,No version
tensorflow,https://github.com/tensorflow/tensorflow/pull/62694,2023-12-26T09:07:08Z,No version
tensorflow,https://github.com/tensorflow/tensorflow/issues/62693,2023-12-26T07:54:02Z,No version
tensorflow,https://github.com/tensorflow/tensorflow/issues/62692,2023-12-26T02:20:55Z,No version
tensorflow,https://github.com/tensorflow/tensorflow/issues/62691,2023-12-25T10:34:25Z,No version
tensorflow,https://github.com/tensorflow/tensorflow/issues/62690,2023-12-24T20:50:52Z,No version
tensorflow,https://github.com/tensorflow/tensorflow/issues/62689,2023-12-24T07:39:04Z,No version
tensorflow,https://github.com/tensorflow/tensorflow/issues/62688,2023-12-24T07:05:17Z,No version
tensorflow,https://github.com/tensorflow/tensorflow/issues/62687,2023-12-24T05:14:53Z,No version
tensorflow,https://github.com/tensorflow/tensorflow/issues/62686,2023-12-23T22:00:44Z,No version
tensorflow,https://github.com/tensorflow/tensorflow/issues/62685,2023-12-23T10:34:36Z,No version
tensorflow,https://github.com/tensorflow/tensorflow/pull/62684,2023-12-23T06:20:11Z,No version
tensorflow,https://github.com/tensorflow/tensorflow/issues/62683,2023-12-22T13:50:35Z,No version
tensorflow,https://github.com/tensorflow/tensorflow/pull/62682,2023-12-22T12:22:20Z,No version
tensorflow,https://github.com/tensorflow/tensorflow/issues/62681,2023-12-22T09:58:37Z,No version
tensorflow,https://github.com/tensorflow/tensorflow/issues/62680,2023-12-22T08:17:45Z,No version
tensorflow,https://github.com/tensorflow/tensorflow/issues/62679,2023-12-22T03:47:15Z,No version
tensorflow,https://github.com/tensorflow/tensorflow/issues/62677,2023-12-21T21:37:18Z,No version
tensorflow,https://github.com/tensorflow/tensorflow/pull/62676,2023-12-21T19:40:01Z,No version
tensorflow,https://github.com/tensorflow/tensorflow/issues/62675,2023-12-21T19:11:53Z,No version
tensorflow,https://github.com/tensorflow/tensorflow/issues/62674,2023-12-21T15:24:45Z,No version
tensorflow,https://github.com/tensorflow/tensorflow/issues/62673,2023-12-21T12:23:20Z,No version
tensorflow,https://github.com/tensorflow/tensorflow/issues/62671,2023-12-20T20:01:05Z,No version
tensorflow,https://github.com/tensorflow/tensorflow/issues/62670,2023-12-20T19:00:06Z,No version
tensorflow,https://github.com/tensorflow/tensorflow/issues/62669,2023-12-20T11:33:33Z,No version
tensorflow,https://github.com/tensorflow/tensorflow/issues/62668,2023-12-20T10:52:11Z,No version
tensorflow,https://github.com/tensorflow/tensorflow/issues/62667,2023-12-20T06:58:08Z,No version
tensorflow,https://github.com/tensorflow/tensorflow/issues/62697,2023-12-26T17:36:13Z,No version
tensorflow,https://github.com/tensorflow/tensorflow/issues/62696,2023-12-26T12:06:24Z,No version
tensorflow,https://github.com/tensorflow/tensorflow/issues/62695,2023-12-26T11:53:29Z,No version
tensorflow,https://github.com/tensorflow/tensorflow/pull/62694,2023-12-26T09:07:08Z,No version
tensorflow,https://github.com/tensorflow/tensorflow/issues/62693,2023-12-26T07:54:02Z,No version
tensorflow,https://github.com/tensorflow/tensorflow/issues/62692,2023-12-26T02:20:55Z,No version
tensorflow,https://github.com/tensorflow/tensorflow/issues/62691,2023-12-25T10:34:25Z,No version
tensorflow,https://github.com/tensorflow/tensorflow/issues/62690,2023-12-24T20:50:52Z,No version
tensorflow,https://github.com/tensorflow/tensorflow/issues/62689,2023-12-24T07:39:04Z,No version
tensorflow,https://github.com/tensorflow/tensorflow/issues/62688,2023-12-24T07:05:17Z,No version
tensorflow,https://github.com/tensorflow/tensorflow/issues/62687,2023-12-24T05:14:53Z,No version
tensorflow,https://github.com/tensorflow/tensorflow/issues/62686,2023-12-23T22:00:44Z,No version
tensorflow,https://github.com/tensorflow/tensorflow/issues/62685,2023-12-23T10:34:36Z,No version
tensorflow,https://github.com/tensorflow/tensorflow/pull/62684,2023-12-23T06:20:11Z,No version
tensorflow,https://github.com/tensorflow/tensorflow/issues/62683,2023-12-22T13:50:35Z,No version
tensorflow,https://github.com/tensorflow/tensorflow/pull/62682,2023-12-22T12:22:20Z,No version
tensorflow,https://github.com/tensorflow/tensorflow/issues/62681,2023-12-22T09:58:37Z,No version
tensorflow,https://github.com/tensorflow/tensorflow/issues/62680,2023-12-22T08:17:45Z,No version
tensorflow,https://github.com/tensorflow/tensorflow/issues/62679,2023-12-22T03:47:15Z,No version
tensorflow,https://github.com/tensorflow/tensorflow/issues/62677,2023-12-21T21:37:18Z,No version
tensorflow,https://github.com/tensorflow/tensorflow/pull/62676,2023-12-21T19:40:01Z,No version
tensorflow,https://github.com/tensorflow/tensorflow/issues/62675,2023-12-21T19:11:53Z,No version
tensorflow,https://github.com/tensorflow/tensorflow/issues/62674,2023-12-21T15:24:45Z,No version
tensorflow,https://github.com/tensorflow/tensorflow/issues/62673,2023-12-21T12:23:20Z,No version
tensorflow,https://github.com/tensorflow/tensorflow/issues/62671,2023-12-20T20:01:05Z,No version
tensorflow,https://github.com/tensorflow/tensorflow/issues/62670,2023-12-20T19:00:06Z,No version
tensorflow,https://github.com/tensorflow/tensorflow/issues/62669,2023-12-20T11:33:33Z,No version
tensorflow,https://github.com/tensorflow/tensorflow/issues/62668,2023-12-20T10:52:11Z,No version
tensorflow,https://github.com/tensorflow/tensorflow/issues/62667,2023-12-20T06:58:08Z,No version
tensorflow,https://github.com/tensorflow/tensorflow/issues/62697,2023-12-26T17:36:13Z,No version
tensorflow,https://github.com/tensorflow/tensorflow/issues/62696,2023-12-26T12:06:24Z,No version
tensorflow,https://github.com/tensorflow/tensorflow/issues/62695,2023-12-26T11:53:29Z,No version
tensorflow,https://github.com/tensorflow/tensorflow/pull/62694,2023-12-26T09:07:08Z,No version
tensorflow,https://github.com/tensorflow/tensorflow/issues/62693,2023-12-26T07:54:02Z,No version
tensorflow,https://github.com/tensorflow/tensorflow/issues/62692,2023-12-26T02:20:55Z,No version
tensorflow,https://github.com/tensorflow/tensorflow/issues/62691,2023-12-25T10:34:25Z,No version
tensorflow,https://github.com/tensorflow/tensorflow/issues/62690,2023-12-24T20:50:52Z,No version
tensorflow,https://github.com/tensorflow/tensorflow/issues/62697,2023-12-26T17:36:13Z,No version
